Workbook

Sheet Report
B1: Top 10 Dman pairs in 2022/23 season based on icetime
B138: D-man comparision
D139: Middleton-Spurgeon | H139: =VLOOKUP(D139,'D-man top 10'!$A$2:$B$11,2,FALSE) -> MIN | L139: Dunn-Larsson | P139: =VLOOKUP(L139,'D-man top 10'!$A$2:$B$11,2,FALSE) -> SEA
D140: games_played | H140: =VLOOKUP($D$139,'D-man top 10'!$A$123:$AB$133,3,FALSE) -> 76 | L140: games_played | P140: =VLOOKUP($L$139,'D-man top 10'!$A$123:$AB$133,3,FALSE) -> 81
D141: time on the ice | H141: =VLOOKUP($D$139,'D-man top 10'!$A$123:$AB$133,4,FALSE) -> 0.70878472 | L141: time on the ice | P141: =VLOOKUP($L$139,'D-man top 10'!$A$123:$AB$133,4,FALSE) -> 0.95334491
D142: shotsattemptsfor | H142: =VLOOKUP($D$139,'D-man top 10'!$A$123:$AB$133,5,FALSE) -> 976 | L142: shotsattemptsfor | P142: =VLOOKUP($L$139,'D-man top 10'!$A$123:$AB$133,5,FALSE) -> 1377
D143: shotsongoalfor | H143: =VLOOKUP($D$139,'D-man top 10'!$A$123:$AB$133,6,FALSE) -> 476 | L143: shotsongoalfor | P143: =VLOOKUP($L$139,'D-man top 10'!$A$123:$AB$133,6,FALSE) -> 701
D144: missedshotsfor | H144: =VLOOKUP($D$139,'D-man top 10'!$A$123:$AB$133,7,FALSE) -> 240 | L144: missedshotsfor | P144: =VLOOKUP($L$139,'D-man top 10'!$A$123:$AB$133,7,FALSE) -> 335
D145: blockedshotattemptsfor | H145: =VLOOKUP($D$139,'D-man top 10'!$A$123:$AB$133,8,FALSE) -> 260 | L145: blockedshotattemptsfor | P145: =VLOOKUP($L$139,'D-man top 10'!$A$123:$AB$133,8,FALSE) -> 341
D146: shotattemptsagainst | H146: =VLOOKUP($D$139,'D-man top 10'!$A$123:$AB$133,9,FALSE) -> 985 | L146: shotattemptsagainst | P146: =VLOOKUP($L$139,'D-man top 10'!$A$123:$AB$133,9,FALSE) -> 1148
D147: shotsongoalagainst | H147: =VLOOKUP($D$139,'D-man top 10'!$A$123:$AB$133,10,FALSE) -> 474 | L147: shotsongoalagainst | P147: =VLOOKUP($L$139,'D-man top 10'!$A$123:$AB$133,10,FALSE) -> 608
D148: missedshotsagainst | H148: =VLOOKUP($D$139,'D-man top 10'!$A$123:$AB$133,11,FALSE) -> 201 | L148: missedshotsagainst | P148: =VLOOKUP($L$139,'D-man top 10'!$A$123:$AB$133,11,FALSE) -> 241
D149: blokedshotattemptsagainst | H149: =VLOOKUP($D$139,'D-man top 10'!$A$123:$AB$133,12,FALSE) -> 310 | L149: blokedshotattemptsagainst | P149: =VLOOKUP($L$139,'D-man top 10'!$A$123:$AB$133,12,FALSE) -> 299
D150: penaltiesfor | H150: =VLOOKUP($D$139,'D-man top 10'!$A$123:$AB$133,13,FALSE) -> 63 | L150: penaltiesfor | P150: =VLOOKUP($L$139,'D-man top 10'!$A$123:$AB$133,13,FALSE) -> 77
D151: penalityminutesfor | H151: =VLOOKUP($D$139,'D-man top 10'!$A$123:$AB$133,14,FALSE) -> 150 | L151: penalityminutesfor | P151: =VLOOKUP($L$139,'D-man top 10'!$A$123:$AB$133,14,FALSE) -> 166
D152: penaltiesagainst | H152: =VLOOKUP($D$139,'D-man top 10'!$A$123:$AB$133,15,FALSE) -> 66 | L152: penaltiesagainst | P152: =VLOOKUP($L$139,'D-man top 10'!$A$123:$AB$133,15,FALSE) -> 84
D153: penalityminutesagainst | H153: =VLOOKUP($D$139,'D-man top 10'!$A$123:$AB$133,16,FALSE) -> 156 | L153: penalityminutesagainst | P153: =VLOOKUP($L$139,'D-man top 10'!$A$123:$AB$133,16,FALSE) -> 186
D154: lowdangershotsfor | H154: =VLOOKUP($D$139,'D-man top 10'!$A$123:$AB$133,17,FALSE) -> 535 | L154: lowdangershotsfor | P154: =VLOOKUP($L$139,'D-man top 10'!$A$123:$AB$133,17,FALSE) -> 777
D155: mediumdangershotsfor | H155: =VLOOKUP($D$139,'D-man top 10'!$A$123:$AB$133,18,FALSE) -> 147 | L155: mediumdangershotsfor | P155: =VLOOKUP($L$139,'D-man top 10'!$A$123:$AB$133,18,FALSE) -> 205
D156: highdangershotsfor | H156: =VLOOKUP($D$139,'D-man top 10'!$A$123:$AB$133,19,FALSE) -> 34 | L156: highdangershotsfor | P156: =VLOOKUP($L$139,'D-man top 10'!$A$123:$AB$133,19,FALSE) -> 54
D157: lowdangershotsagainst | H157: =VLOOKUP($D$139,'D-man top 10'!$A$123:$AB$133,20,FALSE) -> 529 | L157: lowdangershotsagainst | P157: =VLOOKUP($L$139,'D-man top 10'!$A$123:$AB$133,20,FALSE) -> 609
D158: mediumdangershotsagainst | H158: =VLOOKUP($D$139,'D-man top 10'!$A$123:$AB$133,21,FALSE) -> 125 | L158: mediumdangershotsagainst | P158: =VLOOKUP($L$139,'D-man top 10'!$A$123:$AB$133,21,FALSE) -> 178
D159: highdangershotsagainst | H159: =VLOOKUP($D$139,'D-man top 10'!$A$123:$AB$133,22,FALSE) -> 21 | L159: highdangershotsagainst | P159: =VLOOKUP($L$139,'D-man top 10'!$A$123:$AB$133,22,FALSE) -> 62
D160: xgoalsfor | H160: =VLOOKUP($D$139,'D-man top 10'!$A$123:$AB$133,23,FALSE) -> 42.27 | L160: xgoalsfor | P160: =VLOOKUP($L$139,'D-man top 10'!$A$123:$AB$133,23,FALSE) -> 63.92
D161: xgoalsagainst | H161: =VLOOKUP($D$139,'D-man top 10'!$A$123:$AB$133,24,FALSE) -> 36.82 | L161: xgoalsagainst | P161: =VLOOKUP($L$139,'D-man top 10'!$A$123:$AB$133,24,FALSE) -> 57.35
D162: goalsfor | H162: =VLOOKUP($D$139,'D-man top 10'!$A$123:$AB$133,25,FALSE) -> 43 | L162: goalsfor | P162: =VLOOKUP($L$139,'D-man top 10'!$A$123:$AB$133,25,FALSE) -> 80
D163: goalsagainst | H163: =VLOOKUP($D$139,'D-man top 10'!$A$123:$AB$133,26,FALSE) -> 28 | L163: goalsagainst | P163: =VLOOKUP($L$139,'D-man top 10'!$A$123:$AB$133,26,FALSE) -> 60
D164: goalsfor/60 | H164: =VLOOKUP($D$139,'D-man top 10'!$A$123:$AB$133,27,FALSE) -> 2.5278009 | L164: goalsfor/60 | P164: =VLOOKUP($L$139,'D-man top 10'!$A$123:$AB$133,27,FALSE) -> 3.496461
D165: goalsagainst/60 | H165: =VLOOKUP($D$139,'D-man top 10'!$A$123:$AB$133,28,FALSE) -> 1.6460099 | L165: goalsagainst/60 | P165: =VLOOKUP($L$139,'D-man top 10'!$A$123:$AB$133,28,FALSE) -> 2.6223458
B166: Legenda:
B167: games_played | F167: Number of games a player or team has participated in.
B168: time on the ice | F168: Total minutes a player spends playing during games.
B169: shotsattemptsfor | F169: Total shot attempts made by the team (including on goal)
B170: shotsongoalfor | F170: Shots directed at the opponent’s net that required a save or scored.
B171: missedshotsfor | F171: Shot attempts that missed the opponent’s net completely.
B172: blockedshotattemptsfor | F172: Shot attempts blocked by opposing players before reaching the net.
B173: shotattemptsagainst | F173: Total shot attempts made by the opponent team.
B174: shotsongoalagainst | F174: Shots by opponents that reached the net and required a save or scored.
B175: missedshotsagainst | F175: Opponent shot attempts that missed the net completely.
B176: blokedshotattemptsagainst | F176: Opponent shot attempts blocked by your team before reaching the net.
B177: penaltiesfor | F177: Number of penalties committed by your team.
B178: penalityminutesfor | F178: Total minutes your team spent serving penalties.
... B192: goalsagainst/60 | F192: Goals allowed per 60 minutes of play
B193: Data
A194: name | B194: team | C194: games_played | D194: time on the ice | E194: shotsattemptsfor | F194: shotsongoalfor | G194: missedshotsfor | H194: blockedshotattemptsfor | I194: shotattemptsagainst | J194: shotsongoalagainst | K194: missedshotsagainst | L194: blokedshotattemptsagainst | M194: penaltiesfor | N194: penalityminutesfor | O194: penaltiesagainst | P194: penalityminutesagainst | Q194: lowdangershotsfor | R194: mediumdangershotsfor | S194: highdangershotsfor | T194: lowdangershotsagainst | U194: mediumdangershotsagainst | V194: highdangershotsagainst | W194: xgoalsfor | X194: xgoalsagainst
A195: Dunn-Larsson | B195: SEA | C195: 81 | D195: 0.95334491 | E195: =SUM(F195:H195) -> 1377 | F195: 701 | G195: 335 | H195: 341 | I195: 1148 | J195: 608 | K195: 241 | L195: =I195-J195-K195 -> 299 | M195: 77 | N195: 166 | O195: 84 | P195: 186 | Q195: 777 | R195: 205 | S195: 54 | T195: 609 | U195: 178 | V195: 62 | W195: 63.92 | X195: 57.35
A196: Anderson-Doughty | B196: LAK | C196: 76 | D196: 0.91126157 | E196: =SUM(F196:H196) -> 1163 | F196: 633 | G196: 240 | H196: 290 | I196: 1047 | J196: 542 | K196: 232 | L196: =I196-J196-K196 -> 273 | M196: 72 | N196: 161 | O196: 97 | P196: 202 | Q196: 634 | R196: 180 | S196: 59 | T196: 543 | U196: 180 | V196: 51 | W196: 57.62 | X196: 52.24
A197: Skjei-Pesce | B197: CAR | C197: 81 | D197: 0.9077662 | E197: =SUM(F197:H197) -> 1430 | F197: 731 | G197: 352 | H197: 347 | I197: 1003 | J197: 571 | K197: 210 | L197: =I197-J197-K197 -> 222 | M197: 81 | N197: 169 | O197: 82 | P197: 173 | Q197: 817 | R197: 205 | S197: 61 | T197: 570 | U197: 166 | V197: 45 | W197: 65.21 | X197: 48.88
A198: Slavin-Burns | B198: CAR | C198: 76 | D198: 0.82917824 | E198: =SUM(F198:H198) -> 1474 | F198: 733 | G198: 357 | H198: 384 | I198: 903 | J198: 506 | K198: 202 | L198: =I198-J198-K198 -> 195 | M198: 74 | N198: 151 | O198: 67 | P198: 136 | Q198: 823 | R198: 197 | S198: 70 | T198: 524 | U198: 153 | V198: 31 | W198: 67.19 | X198: 41.7
A199: Miller-Trouba | B199: NYR | C199: 79 | D199: 0.77780093 | E199: =SUM(F199:H199) -> 1064 | F199: 564 | G199: 224 | H199: 276 | I199: 1003 | J199: 514 | K199: 208 | L199: =I199-J199-K199 -> 281 | M199: 65 | N199: 136 | O199: 59 | P199: 124 | Q199: 601 | R199: 151 | S199: 36 | T199: 515 | U199: 159 | V199: 48 | W199: 44.83 | X199: 47.63
A200: Nurse-Ceci | B200: EDM | C200: 80 | D200: 0.75300926 | E200: =SUM(F200:H200) -> 999 | F200: 538 | G200: 211 | H200: 250 | I200: 986 | J200: 560 | K200: 206 | L200: =I200-J200-K200 -> 220 | M200: 84 | N200: 182 | O200: 70 | P200: 152 | Q200: 526 | R200: 184 | S200: 39 | T200: 569 | U200: 157 | V200: 40 | W200: 49.95 | X200: 48.83
A201: Middleton-Spurgeon | B201: MIN | C201: 76 | D201: 0.70878472 | E201: =SUM(F201:H201) -> 976 | F201: 476 | G201: 240 | H201: 260 | I201: 985 | J201: 474 | K201: 201 | L201: =I201-J201-K201 -> 310 | M201: 63 | N201: 150 | O201: 66 | P201: 156 | Q201: 535 | R201: 147 | S201: 34 | T201: 529 | U201: 125 | V201: 21 | W201: 42.27 | X201: 36.82
A202: Siegenthaler-Hamilton | B202: NJD | C202: 78 | D202: 0.70778935 | E202: =SUM(F202:H202) -> 1132 | F202: 615 | G202: 238 | H202: 279 | I202: 945 | J202: 482 | K202: 220 | L202: =I202-J202-K202 -> 243 | M202: 58 | N202: 124 | O202: 55 | P202: 126 | Q202: 655 | R202: 148 | S202: 50 | T202: 527 | U202: 138 | V202: 37 | W202: 51.55 | X202: 41.31
A203: Leddy-Parayko | B203: STL | C203: 75 | D203: 0.69167824 | E203: =SUM(F203:H203) -> 792 | F203: 414 | G203: 174 | H203: 204 | I203: 928 | J203: 513 | K203: 182 | L203: =I203-J203-K203 -> 233 | M203: 54 | N203: 111 | O203: 60 | P203: 125 | Q203: 438 | R203: 119 | S203: 31 | T203: 512 | U203: 142 | V203: 41 | W203: 36.28 | X203: 46.15
A204: Lindell-Hakanp | B204: DAL | C204: 82 | D204: 0.68871528 | E204: =SUM(F204:H204) -> 866 | F204: 456 | G204: 162 | H204: 248 | I204: 968 | J204: 499 | K204: 204 | L204: =I204-J204-K204 -> 265 | M204: 62 | N204: 133 | O204: 59 | P204: 125 | Q204: 442 | R204: 132 | S204: 44 | T204: 539 | U204: 127 | V204: 37 | W204: 40.86 | X204: 40.57

Sheet D-man top 10
A1: name | B1: team | C1: games_played | D1: icetime | E1: time (min, sec) | F1: corsipercentage | G1: fenwickpercentage | H1: shotsattemptsfor | I1: shotsongoalfor | J1: missedshotsfor | K1: blockedshotattemptsfor | L1: shotattemptsagainst | M1: shotsongoalagainst | N1: missedshotsagainst | O1: blokedshotattemptsagainst | P1: penaltiesfor | Q1: penalityminutesfor | R1: penaltiesagainst | S1: penalityminutesagainst | T1: lowdangershotsfor | U1: mediumdangershotsfor | V1: highdangershotsfor | W1: lowdangershotsagainst | X1: mediumdangershotsagainst | Y1: highdangershotsagainst | Z1: xgoalsfor | AA1: xgoalsagainst | AB1: goalsfor | AC1: goalsagainst | AD1: goalsfor/60 | AE1: goalsagainst/60
A2: Dunn-Larsson | B2: SEA | C2: 81 | D2: 82369 | E2: =INT(D2/60) & " min " & MOD(D2,60) & " s" -> 1372 min 49 s | F2: 0.55 | G2: 0.55 | H2: =SUM(I2:K2) -> 1377 | I2: 701 | J2: 335 | K2: 341 | L2: 1148 | M2: 608 | N2: 241 | O2: =L2-M2-N2 -> 299 | P2: 77 | Q2: 166 | R2: 84 | S2: 186 | T2: 777 | U2: 205 | V2: 54 | W2: 609 | X2: 178 | Y2: 62 | Z2: 63.92 | AA2: 57.35 | AB2: 80 | AC2: 60 | AD2: =(AB2/D2)*3600 -> 3.496461 | AE2: =(AC2/D2)*3600 -> 2.6223458
A3: Anderson-Doughty | B3: LAK | C3: 76 | D3: 78733 | E3: =INT(D3/60) & " min " & MOD(D3,60) & " s" -> 1312 min 13 s | F3: 0.53 | G3: 0.53 | H3: =SUM(I3:K3) -> 1163 | I3: 633 | J3: 240 | K3: 290 | L3: 1047 | M3: 542 | N3: 232 | O3: =L3-M3-N3 -> 273 | P3: 72 | Q3: 161 | R3: 97 | S3: 202 | T3: 634 | U3: 180 | V3: 59 | W3: 543 | X3: 180 | Y3: 51 | Z3: 57.62 | AA3: 52.24 | AB3: 53 | AC3: 44 | AD3: =(AB3/D3)*3600 -> 2.4233803 | AE3: =(AC3/D3)*3600 -> 2.0118629
A4: Skjei-Pesce | B4: CAR | C4: 81 | D4: 78431 | E4: =INT(D4/60) & " min " & MOD(D4,60) & " s" -> 1307 min 11 s | F4: 0.59 | G4: 0.58 | H4: =SUM(I4:K4) -> 1430 | I4: 731 | J4: 352 | K4: 347 | L4: 1003 | M4: 571 | N4: 210 | O4: =L4-M4-N4 -> 222 | P4: 81 | Q4: 169 | R4: 82 | S4: 173 | T4: 817 | U4: 205 | V4: 61 | W4: 570 | X4: 166 | Y4: 45 | Z4: 65.21 | AA4: 48.88 | AB4: 56 | AC4: 49 | AD4: =(AB4/D4)*3600 -> 2.5704122 | AE4: =(AC4/D4)*3600 -> 2.2491107
A5: Slavin-Burns | B5: CAR | C5: 76 | D5: 71641 | E5: =INT(D5/60) & " min " & MOD(D5,60) & " s" -> 1194 min 1 s | F5: 0.62 | G5: 0.61 | H5: =SUM(I5:K5) -> 1474 | I5: 733 | J5: 357 | K5: 384 | L5: 903 | M5: 506 | N5: 202 | O5: =L5-M5-N5 -> 195 | P5: 74 | Q5: 151 | R5: 67 | S5: 136 | T5: 823 | U5: 197 | V5: 70 | W5: 524 | X5: 153 | Y5: 31 | Z5: 67.19 | AA5: 41.7 | AB5: 52 | AC5: 39 | AD5: =(AB5/D5)*3600 -> 2.6130289 | AE5: =(AC5/D5)*3600 -> 1.9597716
A6: Miller-Trouba | B6: NYR | C6: 79 | D6: 67202 | E6: =INT(D6/60) & " min " & MOD(D6,60) & " s" -> 1120 min 2 s | F6: 0.51 | G6: 0.52 | H6: =SUM(I6:K6) -> 1064 | I6: 564 | J6: 224 | K6: 276 | L6: 1003 | M6: 514 | N6: 208 | O6: =L6-M6-N6 -> 281 | P6: 65 | Q6: 136 | R6: 59 | S6: 124 | T6: 601 | U6: 151 | V6: 36 | W6: 515 | X6: 159 | Y6: 48 | Z6: 44.83 | AA6: 47.63 | AB6: 48 | AC6: 55 | AD6: =(AB6/D6)*3600 -> 2.571352 | AE6: =(AC6/D6)*3600 -> 2.9463409
A7: Nurse-Ceci | B7: EDM | C7: 80 | D7: 65060 | E7: =INT(D7/60) & " min " & MOD(D7,60) & " s" -> 1084 min 20 s | F7: 0.5 | G7: 0.49 | H7: =SUM(I7:K7) -> 999 | I7: 538 | J7: 211 | K7: 250 | L7: 986 | M7: 560 | N7: 206 | O7: =L7-M7-N7 -> 220 | P7: 84 | Q7: 182 | R7: 70 | S7: 152 | T7: 526 | U7: 184 | V7: 39 | W7: 569 | X7: 157 | Y7: 40 | Z7: 49.95 | AA7: 48.83 | AB7: 46 | AC7: 48 | AD7: =(AB7/D7)*3600 -> 2.5453428 | AE7: =(AC7/D7)*3600 -> 2.6560098
A8: Middleton-Spurgeon | B8: MIN | C8: 76 | D8: 61239 | E8: =INT(D8/60) & " min " & MOD(D8,60) & " s" -> 1020 min 39 s | F8: 0.5 | G8: 0.51 | H8: =SUM(I8:K8) -> 976 | I8: 476 | J8: 240 | K8: 260 | L8: 985 | M8: 474 | N8: 201 | O8: =L8-M8-N8 -> 310 | P8: 63 | Q8: 150 | R8: 66 | S8: 156 | T8: 535 | U8: 147 | V8: 34 | W8: 529 | X8: 125 | Y8: 21 | Z8: 42.27 | AA8: 36.82 | AB8: 43 | AC8: 28 | AD8: =(AB8/D8)*3600 -> 2.5278009 | AE8: =(AC8/D8)*3600 -> 1.6460099
A9: Siegenthaler-Hamilton | B9: NJD | C9: 78 | D9: 61153 | E9: =INT(D9/60) & " min " & MOD(D9,60) & " s" -> 1019 min 13 s | F9: 0.55 | G9: 0.55 | H9: =SUM(I9:K9) -> 1132 | I9: 615 | J9: 238 | K9: 279 | L9: 945 | M9: 482 | N9: 220 | O9: =L9-M9-N9 -> 243 | P9: 58 | Q9: 124 | R9: 55 | S9: 126 | T9: 655 | U9: 148 | V9: 50 | W9: 527 | X9: 138 | Y9: 37 | Z9: 51.55 | AA9: 41.31 | AB9: 61 | AC9: 38 | AD9: =(AB9/D9)*3600 -> 3.5909931 | AE9: =(AC9/D9)*3600 -> 2.2370121
A10: Leddy-Parayko | B10: STL | C10: 75 | D10: 59761 | E10: =INT(D10/60) & " min " & MOD(D10,60) & " s" -> 996 min 1 s | F10: 0.46 | G10: 0.46 | H10: =SUM(I10:K10) -> 792 | I10: 414 | J10: 174 | K10: 204 | L10: 928 | M10: 513 | N10: 182 | O10: =L10-M10-N10 -> 233 | P10: 54 | Q10: 111 | R10: 60 | S10: 125 | T10: 438 | U10: 119 | V10: 31 | W10: 512 | X10: 142 | Y10: 41 | Z10: 36.28 | AA10: 46.15 | AB10: 34 | AC10: 47 | AD10: =(AB10/D10)*3600 -> 2.0481585 | AE10: =(AC10/D10)*3600 -> 2.8312779
A11: Lindell-Hakanp | B11: DAL | C11: 82 | D11: 59505 | E11: =INT(D11/60) & " min " & MOD(D11,60) & " s" -> 991 min 45 s | F11: 0.47 | G11: 0.47 | H11: =SUM(I11:K11) -> 866 | I11: 456 | J11: 162 | K11: 248 | L11: 968 | M11: 499 | N11: 204 | O11: =L11-M11-N11 -> 265 | P11: 62 | Q11: 133 | R11: 59 | S11: 125 | T11: 442 | U11: 132 | V11: 44 | W11: 539 | X11: 127 | Y11: 37 | Z11: 40.86 | AA11: 40.57 | AB11: 42 | AC11: 38 | AD11: =(AB11/D11)*3600 -> 2.5409629 | AE11: =(AC11/D11)*3600 -> 2.2989665
A16: name | B16: team | C16: games_played | D16: time (min, sec) | E16: time on the ice | F16: name, team | G16: games_played | H16: time on the ice
A17: Dunn-Larsson | B17: SEA | C17: 81 | D17: 1372 min 49 s | E17: 0.95334491 | F17: Dunn-Larsson, SEA | G17: 81 | H17: 0.95334491
A18: Anderson-Doughty | B18: LAK | C18: 76 | D18: 1312 min 13 s | E18: 0.91126157 | F18: Anderson-Doughty, LAK | G18: 76 | H18: 0.91126157
A19: Skjei-Pesce | B19: CAR | C19: 81 | D19: 1307 min 11 s | E19: 0.9077662 | F19: Skjei-Pesce, CAR | G19: 81 | H19: 0.9077662
A20: Slavin-Burns | B20: CAR | C20: 76 | D20: 1194 min 1 s | E20: 0.82917824 | F20: Slavin-Burns, CAR | G20: 76 | H20: 0.82917824
A21: Miller-Trouba | B21: NYR | C21: 79 | D21: 1120 min 2 s | E21: 0.77780093 | F21: Miller-Trouba, NYR | G21: 79 | H21: 0.77780093
A22: Nurse-Ceci | B22: EDM | C22: 80 | D22: 1084 min 20 s | E22: 0.75300926 | F22: Nurse-Ceci, EDM | G22: 80 | H22: 0.75300926
A23: Middleton-Spurgeon | B23: MIN | C23: 76 | D23: 1020 min 39 s | E23: 0.70878472 | F23: Middleton-Spurgeon, MIN | G23: 76 | H23: 0.70878472
A24: Siegenthaler-Hamilton | B24: NJD | C24: 78 | D24: 1019 min 13 s | E24: 0.70778935 | F24: Siegenthaler-Hamilton, NJD | G24: 78 | H24: 0.70778935
A25: Leddy-Parayko | B25: STL | C25: 75 | D25: 996 min 1 s | E25: 0.69167824 | F25: Leddy-Parayko, STL | G25: 75 | H25: 0.69167824
A26: Lindell-Hakanp | B26: DAL | C26: 82 | D26: 991 min 45 s | E26: 0.68871528 | F26: Lindell-Hakanp, DAL | G26: 82 | H26: 0.68871528
A29: name | B29: team | C29: shotsattemptsfor | D29: shotsongoalfor | E29: missedshotsfor | F29: blockedshotattemptsfor | G29: shotsattemptsfor | H29: shotsongoalfor | I29: missedshotsfor | J29: blockedshotattemptsfor
A30: Slavin-Burns | B30: CAR | C30: =SUM(D30:F30) -> 1474 | D30: 733 | E30: 357 | F30: 384 | G30: 1 | H30: 0.4972863 | I30: 0.2421981 | J30: 0.2605156
A31: Skjei-Pesce | B31: CAR | C31: =SUM(D31:F31) -> 1430 | D31: 731 | E31: 352 | F31: 347 | G31: 1 | H31: 0.51118881 | I31: 0.24615385 | J31: 0.24265734
A32: Dunn-Larsson | B32: SEA | C32: =SUM(D32:F32) -> 1377 | D32: 701 | E32: 335 | F32: 341 | G32: 1 | H32: 0.50907771 | I32: 0.2432825 | J32: 0.2476398
A33: Anderson-Doughty | B33: LAK | C33: =SUM(D33:F33) -> 1163 | D33: 633 | E33: 240 | F33: 290 | G33: 1 | H33: 0.54428203 | I33: 0.20636285 | J33: 0.24935512
A34: Siegenthaler-Hamilton | B34: NJD | C34: =SUM(D34:F34) -> 1132 | D34: 615 | E34: 238 | F34: 279 | G34: 1 | H34: 0.54328622 | I34: 0.21024735 | J34: 0.24646643
A35: Miller-Trouba | B35: NYR | C35: =SUM(D35:F35) -> 1064 | D35: 564 | E35: 224 | F35: 276 | G35: 1 | H35: 0.53007519 | I35: 0.21052632 | J35: 0.2593985
A36: Nurse-Ceci | B36: EDM | C36: =SUM(D36:F36) -> 999 | D36: 538 | E36: 211 | F36: 250 | G36: 1 | H36: 0.53853854 | I36: 0.21121121 | J36: 0.25025025
A37: Middleton-Spurgeon | B37: MIN | C37: =SUM(D37:F37) -> 976 | D37: 476 | E37: 240 | F37: 260 | G37: 1 | H37: 0.48770492 | I37: 0.24590164 | J37: 0.26639344
A38: Lindell-Hakanp | B38: DAL | C38: =SUM(D38:F38) -> 866 | D38: 456 | E38: 162 | F38: 248 | G38: 1 | H38: 0.52655889 | I38: 0.18706697 | J38: 0.28637413
A39: Leddy-Parayko | B39: STL | C39: =SUM(D39:F39) -> 792 | D39: 414 | E39: 174 | F39: 204 | G39: 1 | H39: 0.52272727 | I39: 0.21969697 | J39: 0.25757576
A41: name | B41: team | C41: shotsattemptsfor | D41: shotsongoalfor | E41: missedshotsfor | F41: blockedshotattemptsfor
A42: Slavin-Burns | B42: CAR | C42: =SUM(D42:F42) -> 1 | D42: =D30/C30 -> 0.4972863 | E42: =E30/C30 -> 0.2421981 | F42: =F30/C30 -> 0.2605156
A43: Skjei-Pesce | B43: CAR | C43: =SUM(D43:F43) -> 1 | D43: =D31/C31 -> 0.51118881 | E43: =E31/C31 -> 0.24615385 | F43: =F31/C31 -> 0.24265734
A44: Dunn-Larsson | B44: SEA | C44: =SUM(D44:F44) -> 1 | D44: =D32/C32 -> 0.50907771 | E44: =E32/C32 -> 0.2432825 | F44: =F32/C32 -> 0.2476398
A45: Anderson-Doughty | B45: LAK | C45: =SUM(D45:F45) -> 1 | D45: =D33/C33 -> 0.54428203 | E45: =E33/C33 -> 0.20636285 | F45: =F33/C33 -> 0.24935512
A46: Siegenthaler-Hamilton | B46: NJD | C46: =SUM(D46:F46) -> 1 | D46: =D34/C34 -> 0.54328622 | E46: =E34/C34 -> 0.21024735 | F46: =F34/C34 -> 0.24646643
A47: Miller-Trouba | B47: NYR | C47: =SUM(D47:F47) -> 1 | D47: =D35/C35 -> 0.53007519 | E47: =E35/C35 -> 0.21052632 | F47: =F35/C35 -> 0.2593985
A48: Nurse-Ceci | B48: EDM | C48: =SUM(D48:F48) -> 1 | D48: =D36/C36 -> 0.53853854 | E48: =E36/C36 -> 0.21121121 | F48: =F36/C36 -> 0.25025025
A49: Middleton-Spurgeon | B49: MIN | C49: =SUM(D49:F49) -> 1 | D49: =D37/C37 -> 0.48770492 | E49: =E37/C37 -> 0.24590164 | F49: =F37/C37 -> 0.26639344
A50: Lindell-Hakanp | B50: DAL | C50: =SUM(D50:F50) -> 1 | D50: =D38/C38 -> 0.52655889 | E50: =E38/C38 -> 0.18706697 | F50: =F38/C38 -> 0.28637413
A51: Leddy-Parayko | B51: STL | C51: =SUM(D51:F51) -> 1 | D51: =D39/C39 -> 0.52272727 | E51: =E39/C39 -> 0.21969697 | F51: =F39/C39 -> 0.25757576
A53: name | B53: team | C53: shotattemptsagainst | D53: shotsongoalagainst | E53: missedshotsagainst | F53: blokedshotattemptsagainst | G53: shotattemptsagainst | H53: shotsongoalagainst | I53: missedshotsagainst | J53: blokedshotattemptsagainst
A54: Dunn-Larsson | B54: SEA | C54: 1148 | D54: 608 | E54: 241 | F54: 299 | G54: 1 | H54: 0.52961672 | I54: 0.20993031 | J54: 0.26045296
A55: Anderson-Doughty | B55: LAK | C55: 1047 | D55: 542 | E55: 232 | F55: 273 | G55: 1 | H55: 0.51766953 | I55: 0.22158548 | J55: 0.26074499
A56: Skjei-Pesce | B56: CAR | C56: 1003 | D56: 571 | E56: 210 | F56: 222 | G56: 1 | H56: 0.56929212 | I56: 0.20937188 | J56: 0.22133599
A57: Miller-Trouba | B57: NYR | C57: 1003 | D57: 514 | E57: 208 | F57: 281 | G57: 1 | H57: 0.51246261 | I57: 0.20737787 | J57: 0.28015952
A58: Nurse-Ceci | B58: EDM | C58: 986 | D58: 560 | E58: 206 | F58: 220 | G58: 1 | H58: 0.56795132 | I58: 0.20892495 | J58: 0.22312373
A59: Middleton-Spurgeon | B59: MIN | C59: 985 | D59: 474 | E59: 201 | F59: 310 | G59: 1 | H59: 0.48121827 | I59: 0.20406091 | J59: 0.31472081
A60: Lindell-Hakanp | B60: DAL | C60: 968 | D60: 499 | E60: 204 | F60: 265 | G60: 1 | H60: 0.51549587 | I60: 0.2107438 | J60: 0.27376033
A61: Siegenthaler-Hamilton | B61: NJD | C61: 945 | D61: 482 | E61: 220 | F61: 243 | G61: 1 | H61: 0.51005291 | I61: 0.23280423 | J61: 0.25714286
A62: Leddy-Parayko | B62: STL | C62: 928 | D62: 513 | E62: 182 | F62: 233 | G62: 1 | H62: 0.55280172 | I62: 0.19612069 | J62: 0.25107759
A63: Slavin-Burns | B63: CAR | C63: 903 | D63: 506 | E63: 202 | F63: 195 | G63: 1 | H63: 0.56035437 | I63: 0.22369878 | J63: 0.21594684
A65: name | B65: team | C65: shotattemptsagainst | D65: shotsongoalagainst | E65: missedshotsagainst | F65: blokedshotattemptsagainst
A66: Dunn-Larsson | B66: SEA | C66: =SUM(D66:F66) -> 1 | D66: =D54/C54 -> 0.52961672 | E66: =E54/C54 -> 0.20993031 | F66: =F54/C54 -> 0.26045296
A67: Anderson-Doughty | B67: LAK | C67: =SUM(D67:F67) -> 1 | D67: =D55/C55 -> 0.51766953 | E67: =E55/C55 -> 0.22158548 | F67: =F55/C55 -> 0.26074499
A68: Skjei-Pesce | B68: CAR | C68: =SUM(D68:F68) -> 1 | D68: =D56/C56 -> 0.56929212 | E68: =E56/C56 -> 0.20937188 | F68: =F56/C56 -> 0.22133599
A69: Miller-Trouba | B69: NYR | C69: =SUM(D69:F69) -> 1 | D69: =D57/C57 -> 0.51246261 | E69: =E57/C57 -> 0.20737787 | F69: =F57/C57 -> 0.28015952
A70: Nurse-Ceci | B70: EDM | C70: =SUM(D70:F70) -> 1 | D70: =D58/C58 -> 0.56795132 | E70: =E58/C58 -> 0.20892495 | F70: =F58/C58 -> 0.22312373
A71: Middleton-Spurgeon | B71: MIN | C71: =SUM(D71:F71) -> 1 | D71: =D59/C59 -> 0.48121827 | E71: =E59/C59 -> 0.20406091 | F71: =F59/C59 -> 0.31472081
A72: Lindell-Hakanp | B72: DAL | C72: =SUM(D72:F72) -> 1 | D72: =D60/C60 -> 0.51549587 | E72: =E60/C60 -> 0.2107438 | F72: =F60/C60 -> 0.27376033
A73: Siegenthaler-Hamilton | B73: NJD | C73: =SUM(D73:F73) -> 1 | D73: =D61/C61 -> 0.51005291 | E73: =E61/C61 -> 0.23280423 | F73: =F61/C61 -> 0.25714286
A74: Leddy-Parayko | B74: STL | C74: =SUM(D74:F74) -> 1 | D74: =D62/C62 -> 0.55280172 | E74: =E62/C62 -> 0.19612069 | F74: =F62/C62 -> 0.25107759
A75: Slavin-Burns | B75: CAR | C75: =SUM(D75:F75) -> 1 | D75: =D63/C63 -> 0.56035437 | E75: =E63/C63 -> 0.22369878 | F75: =F63/C63 -> 0.21594684
A77: name | B77: team | C77: lowdangershotsagainst | D77: mediumdangershotsagainst | E77: highdangershotsagainst | F77: totalshotsagainst
A78: Dunn-Larsson | B78: SEA | C78: 609 | D78: 178 | E78: 62 | F78: =SUM(C78:E78) -> 849
A79: Skjei-Pesce | B79: CAR | C79: 570 | D79: 166 | E79: 45 | F79: =SUM(C79:E79) -> 781
A80: Anderson-Doughty | B80: LAK | C80: 543 | D80: 180 | E80: 51 | F80: =SUM(C80:E80) -> 774
A81: Nurse-Ceci | B81: EDM | C81: 569 | D81: 157 | E81: 40 | F81: =SUM(C81:E81) -> 766
A82: Miller-Trouba | B82: NYR | C82: 515 | D82: 159 | E82: 48 | F82: =SUM(C82:E82) -> 722
A83: Slavin-Burns | B83: CAR | C83: 524 | D83: 153 | E83: 31 | F83: =SUM(C83:E83) -> 708
A84: Lindell-Hakanp | B84: DAL | C84: 539 | D84: 127 | E84: 37 | F84: =SUM(C84:E84) -> 703
A85: Siegenthaler-Hamilton | B85: NJD | C85: 527 | D85: 138 | E85: 37 | F85: =SUM(C85:E85) -> 702
A86: Leddy-Parayko | B86: STL | C86: 512 | D86: 142 | E86: 41 | F86: =SUM(C86:E86) -> 695
A87: Middleton-Spurgeon | B87: MIN | C87: 529 | D87: 125 | E87: 21 | F87: =SUM(C87:E87) -> 675
A89: name | B89: team | C89: lowdangershotsagainst | D89: mediumdangershotsagainst | E89: highdangershotsagainst | F89: total
A90: Middleton-Spurgeon | B90: MIN | C90: =C78/F78 -> 0.71731449 | D90: =D78/F78 -> 0.20965842 | E90: =E78/F78 -> 0.073027091 | F90: =SUM(C90:E90) -> 1
A91: Nurse-Ceci | B91: EDM | C91: =C79/F79 -> 0.72983355 | D91: =D79/F79 -> 0.21254802 | E91: =E79/F79 -> 0.057618438 | F91: =SUM(C91:E91) -> 1
A92: Siegenthaler-Hamilton | B92: NJD | C92: =C80/F80 -> 0.70155039 | D92: =D80/F80 -> 0.23255814 | E92: =E80/F80 -> 0.065891473 | F92: =SUM(C92:E92) -> 1
A93: Miller-Trouba | B93: NYR | C93: =C81/F81 -> 0.74281984 | D93: =D81/F81 -> 0.20496084 | E93: =E81/F81 -> 0.052219321 | F93: =SUM(C93:E93) -> 1
A94: Leddy-Parayko | B94: STL | C94: =C82/F82 -> 0.7132964 | D94: =D82/F82 -> 0.22022161 | E94: =E82/F82 -> 0.066481994 | F94: =SUM(C94:E94) -> 1
A95: Anderson-Doughty | B95: LAK | C95: =C83/F83 -> 0.74011299 | D95: =D83/F83 -> 0.21610169 | E95: =E83/F83 -> 0.043785311 | F95: =SUM(C95:E95) -> 1
A96: Slavin-Burns | B96: CAR | C96: =C84/F84 -> 0.76671408 | D96: =D84/F84 -> 0.18065434 | E96: =E84/F84 -> 0.052631579 | F96: =SUM(C96:E96) -> 1
A97: Lindell-Hakanp | B97: DAL | C97: =C85/F85 -> 0.75071225 | D97: =D85/F85 -> 0.1965812 | E97: =E85/F85 -> 0.052706553 | F97: =SUM(C97:E97) -> 1
A98: Skjei-Pesce | B98: CAR | C98: =C86/F86 -> 0.73669065 | D98: =D86/F86 -> 0.20431655 | E98: =E86/F86 -> 0.058992806 | F98: =SUM(C98:E98) -> 1
A99: Dunn-Larsson | B99: SEA | C99: =C87/F87 -> 0.7837037 | D99: =D87/F87 -> 0.18518519 | E99: =E87/F87 -> 0.031111111 | F99: =SUM(C99:E99) -> 1
A101: name | B101: team | C101: xgoalsfor | D101: xgoalsagainst | E101: goalsfor | F101: goalsagainst | G101: goalsfor/60 | H101: goalsagainst/60 | I101: goalsfor/xgoalfor | J101: goalagainst/xgoalagainst
A102: Dunn-Larsson | B102: SEA | C102: 63.92 | D102: 57.35 | E102: 80 | F102: 60 | G102: 3.496461 | H102: 2.6223458 | I102: =E102-C102 -> 16.08 | J102: =F102-D102 -> 2.65
A103: Anderson-Doughty | B103: LAK | C103: 57.62 | D103: 52.24 | E103: 53 | F103: 44 | G103: 2.4233803 | H103: 2.0118629 | I103: =E103-C103 -> -4.62 | J103: =F103-D103 -> -8.24
A104: Skjei-Pesce | B104: CAR | C104: 65.21 | D104: 48.88 | E104: 56 | F104: 49 | G104: 2.5704122 | H104: 2.2491107 | I104: =E104-C104 -> -9.21 | J104: =F104-D104 -> 0.12
A105: Slavin-Burns | B105: CAR | C105: 67.19 | D105: 41.7 | E105: 52 | F105: 39 | G105: 2.6130289 | H105: 1.9597716 | I105: =E105-C105 -> -15.19 | J105: =F105-D105 -> -2.7
A106: Miller-Trouba | B106: NYR | C106: 44.83 | D106: 47.63 | E106: 48 | F106: 55 | G106: 2.571352 | H106: 2.9463409 | I106: =E106-C106 -> 3.17 | J106: =F106-D106 -> 7.37
A107: Nurse-Ceci | B107: EDM | C107: 49.95 | D107: 48.83 | E107: 46 | F107: 48 | G107: 2.5453428 | H107: 2.6560098 | I107: =E107-C107 -> -3.95 | J107: =F107-D107 -> -0.83
A108: Middleton-Spurgeon | B108: MIN | C108: 42.27 | D108: 36.82 | E108: 43 | F108: 28 | G108: 2.5278009 | H108: 1.6460099 | I108: =E108-C108 -> 0.73 | J108: =F108-D108 -> -8.82
A109: Siegenthaler-Hamilton | B109: NJD | C109: 51.55 | D109: 41.31 | E109: 61 | F109: 38 | G109: 3.5909931 | H109: 2.2370121 | I109: =E109-C109 -> 9.45 | J109: =F109-D109 -> -3.31
A110: Leddy-Parayko | B110: STL | C110: 36.28 | D110: 46.15 | E110: 34 | F110: 47 | G110: 2.0481585 | H110: 2.8312779 | I110: =E110-C110 -> -2.28 | J110: =F110-D110 -> 0.85
A111: Lindell-Hakanp | B111: DAL | C111: 40.86 | D111: 40.57 | E111: 42 | F111: 38 | G111: 2.5409629 | H111: 2.2989665 | I111: =E111-C111 -> 1.14 | J111: =F111-D111 -> -2.57
A123: name | B123: team | C123: games_played | D123: time on the ice | E123: shotsattemptsfor | F123: shotsongoalfor | G123: missedshotsfor | H123: blockedshotattemptsfor | I123: shotattemptsagainst | J123: shotsongoalagainst | K123: missedshotsagainst | L123: blokedshotattemptsagainst | M123: penaltiesfor | N123: penalityminutesfor | O123: penaltiesagainst | P123: penalityminutesagainst | Q123: lowdangershotsfor | R123: mediumdangershotsfor | S123: highdangershotsfor | T123: lowdangershotsagainst | U123: mediumdangershotsagainst | V123: highdangershotsagainst | W123: xgoalsfor | X123: xgoalsagainst | Y123: goalsfor | Z123: goalsagainst | AA123: goalsfor/60 | AB123: goalsagainst/60
...
